"Survey","Quarter","Country","Ship","Gear","SweepLngt","GearEx","StNo","HaulNo","Year","Month","DepthStratum","HaulDur","ShootLat","ShootLong","StatRec","Depth","HaulVal","StdSpecRecCode","BySpecRecCode","DataType","Netopening","Distance","DoorSpread","WingSpread","Speed","SST","SBT","SurSal","BotSal","CodendMesh","SecchiDepth","Turbidity","TidePhase","TideSpeed","PelSampType","MinTrawlDepth","MaxTrawlDepth","HaulID","DoorType","SpecVal","Sex","TotalNo","CatIdentifier","NoMeas","SubFactor","SubWgt","CatCatchWgt","LngtCode","LngtClass","HLNoAtLngt","DevStage","LenMeasType","AphiaID"
"IE-IGFS",4,"IE","45CE","GOV",55,"S","101",129,2003,11,"18",30,53.498,-4.221,"35E5",40,"V",1,2,"R",6,3699,44,22,4,-9,-9,-9,-9,NA,NA,NA,NA,NA,NA,NA,NA,"IE-IGFS 2003 4 IE 45CE GOV 101 129","P",1,NA,133,1,133,1,24108,24108,".",100,1,NA,NA,126438
"IE-IGFS",4,"IE","45CE","GOV",55,"S","101",129,2003,11,"18",30,53.498,-4.221,"35E5",40,"V",1,2,"R",6,3699,44,22,4,-9,-9,-9,-9,NA,NA,NA,NA,NA,NA,NA,NA,"IE-IGFS 2003 4 IE 45CE GOV 101 129","P",1,NA,133,1,133,1,24108,24108,".",120,1,NA,NA,126438
"IE-IGFS",4,"IE","45CE","GOV",55,"S","101",129,2003,11,"18",30,53.498,-4.221,"35E5",40,"V",1,2,"R",6,3699,44,22,4,-9,-9,-9,-9,NA,NA,NA,NA,NA,NA,NA,NA,"IE-IGFS 2003 4 IE 45CE GOV 101 129","P",1,NA,133,1,133,1,24108,24108,".",130,1,NA,NA,126438
"IE-IGFS",4,"IE","45CE","GOV",55,"S","101",129,2003,11,"18",30,53.498,-4.221,"35E5",40,"V",1,2,"R",6,3699,44,22,4,-9,-9,-9,-9,NA,NA,NA,NA,NA,NA,NA,NA,"IE-IGFS 2003 4 IE 45CE GOV 101 129","P",1,NA,133,1,133,1,24108,24108,".",140,5,NA,NA,126438
"IE-IGFS",4,"IE","45CE","GOV",55,"S","101",129,2003,11,"18",30,53.498,-4.221,"35E5",40,"V",1,2,"R",6,3699,44,22,4,-9,-9,-9,-9,NA,NA,NA,NA,NA,NA,NA,NA,"IE-IGFS 2003 4 IE 45CE GOV 101 129","P",1,NA,133,1,133,1,24108,24108,".",150,1,NA,NA,126438
"IE-IGFS",4,"IE","45CE","GOV",55,"S","101",129,2003,11,"18",30,53.498,-4.221,"35E5",40,"V",1,2,"R",6,3699,44,22,4,-9,-9,-9,-9,NA,NA,NA,NA,NA,NA,NA,NA,"IE-IGFS 2003 4 IE 45CE GOV 101 129","P",1,NA,133,1,133,1,24108,24108,".",160,5,NA,NA,126438
"IE-IGFS",4,"IE","45CE","GOV",55,"S","101",129,2003,11,"18",30,53.498,-4.221,"35E5",40,"V",1,2,"R",6,3699,44,22,4,-9,-9,-9,-9,NA,NA,NA,NA,NA,NA,NA,NA,"IE-IGFS 2003 4 IE 45CE GOV 101 129","P",1,NA,133,1,133,1,24108,24108,".",350,8,NA,NA,126438
"IE-IGFS",4,"IE","45CE","GOV",55,"S","101",129,2003,11,"18",30,53.498,-4.221,"35E5",40,"V",1,2,"R",6,3699,44,22,4,-9,-9,-9,-9,NA,NA,NA,NA,NA,NA,NA,NA,"IE-IGFS 2003 4 IE 45CE GOV 101 129","P",1,NA,133,1,133,1,24108,24108,".",360,3,NA,NA,126438
"IE-IGFS",4,"IE","45CE","GOV",55,"S","101",129,2003,11,"18",30,53.498,-4.221,"35E5",40,"V",1,2,"R",6,3699,44,22,4,-9,-9,-9,-9,NA,NA,NA,NA,NA,NA,NA,NA,"IE-IGFS 2003 4 IE 45CE GOV 101 129","P",1,NA,133,1,133,1,24108,24108,".",370,2,NA,NA,126438
"IE-IGFS",4,"IE","45CE","GOV",55,"S","101",129,2003,11,"18",30,53.498,-4.221,"35E5",40,"V",1,2,"R",6,3699,44,22,4,-9,-9,-9,-9,NA,NA,NA,NA,NA,NA,NA,NA,"IE-IGFS 2003 4 IE 45CE GOV 101 129","P",1,NA,133,1,133,1,24108,24108,".",290,9,NA,NA,126438
"IE-IGFS",4,"IE","45CE","GOV",55,"S","101",129,2003,11,"18",30,53.498,-4.221,"35E5",40,"V",1,2,"R",6,3699,44,22,4,-9,-9,-9,-9,NA,NA,NA,NA,NA,NA,NA,NA,"IE-IGFS 2003 4 IE 45CE GOV 101 129","P",1,NA,133,1,133,1,24108,24108,".",300,11,NA,NA,126438
"IE-IGFS",4,"IE","45CE","GOV",55,"S","101",129,2003,11,"18",30,53.498,-4.221,"35E5",40,"V",1,2,"R",6,3699,44,22,4,-9,-9,-9,-9,NA,NA,NA,NA,NA,NA,NA,NA,"IE-IGFS 2003 4 IE 45CE GOV 101 129","P",1,NA,133,1,133,1,24108,24108,".",310,7,NA,NA,126438
"IE-IGFS",4,"IE","45CE","GOV",55,"S","101",129,2003,11,"18",30,53.498,-4.221,"35E5",40,"V",1,2,"R",6,3699,44,22,4,-9,-9,-9,-9,NA,NA,NA,NA,NA,NA,NA,NA,"IE-IGFS 2003 4 IE 45CE GOV 101 129","P",1,NA,133,1,133,1,24108,24108,".",320,9,NA,NA,126438
"IE-IGFS",4,"IE","45CE","GOV",55,"S","101",129,2003,11,"18",30,53.498,-4.221,"35E5",40,"V",1,2,"R",6,3699,44,22,4,-9,-9,-9,-9,NA,NA,NA,NA,NA,NA,NA,NA,"IE-IGFS 2003 4 IE 45CE GOV 101 129","P",1,NA,133,1,133,1,24108,24108,".",330,4,NA,NA,126438
"IE-IGFS",4,"IE","45CE","GOV",55,"S","101",129,2003,11,"18",30,53.498,-4.221,"35E5",40,"V",1,2,"R",6,3699,44,22,4,-9,-9,-9,-9,NA,NA,NA,NA,NA,NA,NA,NA,"IE-IGFS 2003 4 IE 45CE GOV 101 129","P",1,NA,133,1,133,1,24108,24108,".",340,5,NA,NA,126438
"IE-IGFS",4,"IE","45CE","GOV",55,"S","101",129,2003,11,"18",30,53.498,-4.221,"35E5",40,"V",1,2,"R",6,3699,44,22,4,-9,-9,-9,-9,NA,NA,NA,NA,NA,NA,NA,NA,"IE-IGFS 2003 4 IE 45CE GOV 101 129","P",1,NA,133,1,133,1,24108,24108,".",230,4,NA,NA,126438
"IE-IGFS",4,"IE","45CE","GOV",55,"S","101",129,2003,11,"18",30,53.498,-4.221,"35E5",40,"V",1,2,"R",6,3699,44,22,4,-9,-9,-9,-9,NA,NA,NA,NA,NA,NA,NA,NA,"IE-IGFS 2003 4 IE 45CE GOV 101 129","P",1,NA,133,1,133,1,24108,24108,".",240,6,NA,NA,126438
"IE-IGFS",4,"IE","45CE","GOV",55,"S","101",129,2003,11,"18",30,53.498,-4.221,"35E5",40,"V",1,2,"R",6,3699,44,22,4,-9,-9,-9,-9,NA,NA,NA,NA,NA,NA,NA,NA,"IE-IGFS 2003 4 IE 45CE GOV 101 129","P",1,NA,133,1,133,1,24108,24108,".",250,3,NA,NA,126438
"IE-IGFS",4,"IE","45CE","GOV",55,"S","101",129,2003,11,"18",30,53.498,-4.221,"35E5",40,"V",1,2,"R",6,3699,44,22,4,-9,-9,-9,-9,NA,NA,NA,NA,NA,NA,NA,NA,"IE-IGFS 2003 4 IE 45CE GOV 101 129","P",1,NA,133,1,133,1,24108,24108,".",260,7,NA,NA,126438
"IE-IGFS",4,"IE","45CE","GOV",55,"S","101",129,2003,11,"18",30,53.498,-4.221,"35E5",40,"V",1,2,"R",6,3699,44,22,4,-9,-9,-9,-9,NA,NA,NA,NA,NA,NA,NA,NA,"IE-IGFS 2003 4 IE 45CE GOV 101 129","P",1,NA,133,1,133,1,24108,24108,".",270,8,NA,NA,126438
"IE-IGFS",4,"IE","45CE","GOV",55,"S","101",129,2003,11,"18",30,53.498,-4.221,"35E5",40,"V",1,2,"R",6,3699,44,22,4,-9,-9,-9,-9,NA,NA,NA,NA,NA,NA,NA,NA,"IE-IGFS 2003 4 IE 45CE GOV 101 129","P",1,NA,133,1,133,1,24108,24108,".",280,6,NA,NA,126438
"IE-IGFS",4,"IE","45CE","GOV",55,"S","101",129,2003,11,"18",30,53.498,-4.221,"35E5",40,"V",1,2,"R",6,3699,44,22,4,-9,-9,-9,-9,NA,NA,NA,NA,NA,NA,NA,NA,"IE-IGFS 2003 4 IE 45CE GOV 101 129","P",1,NA,133,1,133,1,24108,24108,".",170,5,NA,NA,126438
"IE-IGFS",4,"IE","45CE","GOV",55,"S","101",129,2003,11,"18",30,53.498,-4.221,"35E5",40,"V",1,2,"R",6,3699,44,22,4,-9,-9,-9,-9,NA,NA,NA,NA,NA,NA,NA,NA,"IE-IGFS 2003 4 IE 45CE GOV 101 129","P",1,NA,133,1,133,1,24108,24108,".",180,5,NA,NA,126438
"IE-IGFS",4,"IE","45CE","GOV",55,"S","101",129,2003,11,"18",30,53.498,-4.221,"35E5",40,"V",1,2,"R",6,3699,44,22,4,-9,-9,-9,-9,NA,NA,NA,NA,NA,NA,NA,NA,"IE-IGFS 2003 4 IE 45CE GOV 101 129","P",1,NA,133,1,133,1,24108,24108,".",190,2,NA,NA,126438
"IE-IGFS",4,"IE","45CE","GOV",55,"S","101",129,2003,11,"18",30,53.498,-4.221,"35E5",40,"V",1,2,"R",6,3699,44,22,4,-9,-9,-9,-9,NA,NA,NA,NA,NA,NA,NA,NA,"IE-IGFS 2003 4 IE 45CE GOV 101 129","P",1,NA,133,1,133,1,24108,24108,".",200,3,NA,NA,126438
"IE-IGFS",4,"IE","45CE","GOV",55,"S","101",129,2003,11,"18",30,53.498,-4.221,"35E5",40,"V",1,2,"R",6,3699,44,22,4,-9,-9,-9,-9,NA,NA,NA,NA,NA,NA,NA,NA,"IE-IGFS 2003 4 IE 45CE GOV 101 129","P",1,NA,133,1,133,1,24108,24108,".",210,4,NA,NA,126438
"IE-IGFS",4,"IE","45CE","GOV",55,"S","101",129,2003,11,"18",30,53.498,-4.221,"35E5",40,"V",1,2,"R",6,3699,44,22,4,-9,-9,-9,-9,NA,NA,NA,NA,NA,NA,NA,NA,"IE-IGFS 2003 4 IE 45CE GOV 101 129","P",1,NA,133,1,133,1,24108,24108,".",220,8,NA,NA,126438
"IE-IGFS",4,"IE","45CE","GOV",55,"S","101",129,2003,11,"18",30,53.498,-4.221,"35E5",40,"V",1,2,"R",6,3699,44,22,4,-9,-9,-9,-9,NA,NA,NA,NA,NA,NA,NA,NA,"IE-IGFS 2003 4 IE 45CE GOV 101 129","P",1,NA,9,1,9,1,8320,8320,".",400,2,NA,NA,126436
"IE-IGFS",4,"IE","45CE","GOV",55,"S","101",129,2003,11,"18",30,53.498,-4.221,"35E5",40,"V",1,2,"R",6,3699,44,22,4,-9,-9,-9,-9,NA,NA,NA,NA,NA,NA,NA,NA,"IE-IGFS 2003 4 IE 45CE GOV 101 129","P",1,NA,9,1,9,1,8320,8320,".",420,2,NA,NA,126436
"IE-IGFS",4,"IE","45CE","GOV",55,"S","101",129,2003,11,"18",30,53.498,-4.221,"35E5",40,"V",1,2,"R",6,3699,44,22,4,-9,-9,-9,-9,NA,NA,NA,NA,NA,NA,NA,NA,"IE-IGFS 2003 4 IE 45CE GOV 101 129","P",1,NA,9,1,9,1,8320,8320,".",430,2,NA,NA,126436
"IE-IGFS",4,"IE","45CE","GOV",55,"S","101",129,2003,11,"18",30,53.498,-4.221,"35E5",40,"V",1,2,"R",6,3699,44,22,4,-9,-9,-9,-9,NA,NA,NA,NA,NA,NA,NA,NA,"IE-IGFS 2003 4 IE 45CE GOV 101 129","P",1,NA,9,1,9,1,8320,8320,".",450,2,NA,NA,126436
"IE-IGFS",4,"IE","45CE","GOV",55,"S","101",129,2003,11,"18",30,53.498,-4.221,"35E5",40,"V",1,2,"R",6,3699,44,22,4,-9,-9,-9,-9,NA,NA,NA,NA,NA,NA,NA,NA,"IE-IGFS 2003 4 IE 45CE GOV 101 129","P",1,NA,9,1,9,1,8320,8320,".",490,1,NA,NA,126436
"IE-IGFS",4,"IE","45CE","GOV",55,"S","101",129,2003,11,"18",30,53.498,-4.221,"35E5",40,"V",1,2,"R",6,3699,44,22,4,-9,-9,-9,-9,NA,NA,NA,NA,NA,NA,NA,NA,"IE-IGFS 2003 4 IE 45CE GOV 101 129","P",1,NA,5,1,5,1,40,40,".",80,1,NA,NA,126822
"IE-IGFS",4,"IE","45CE","GOV",55,"S","101",129,2003,11,"18",30,53.498,-4.221,"35E5",40,"V",1,2,"R",6,3699,44,22,4,-9,-9,-9,-9,NA,NA,NA,NA,NA,NA,NA,NA,"IE-IGFS 2003 4 IE 45CE GOV 101 129","P",1,NA,5,1,5,1,40,40,".",100,3,NA,NA,126822
"IE-IGFS",4,"IE","45CE","GOV",55,"S","101",129,2003,11,"18",30,53.498,-4.221,"35E5",40,"V",1,2,"R",6,3699,44,22,4,-9,-9,-9,-9,NA,NA,NA,NA,NA,NA,NA,NA,"IE-IGFS 2003 4 IE 45CE GOV 101 129","P",1,NA,5,1,5,1,40,40,".",110,1,NA,NA,126822
"IE-IGFS",4,"IE","45CE","GOV",55,"S","101",129,2003,11,"18",30,53.498,-4.221,"35E5",40,"V",1,2,"R",6,3699,44,22,4,-9,-9,-9,-9,NA,NA,NA,NA,NA,NA,NA,NA,"IE-IGFS 2003 4 IE 45CE GOV 101 129","P",1,NA,41,1,41,1,207,207,".",65,3,NA,NA,126425
"IE-IGFS",4,"IE","45CE","GOV",55,"S","101",129,2003,11,"18",30,53.498,-4.221,"35E5",40,"V",1,2,"R",6,3699,44,22,4,-9,-9,-9,-9,NA,NA,NA,NA,NA,NA,NA,NA,"IE-IGFS 2003 4 IE 45CE GOV 101 129","P",1,NA,41,1,41,1,207,207,".",75,22,NA,NA,126425
"IE-IGFS",4,"IE","45CE","GOV",55,"S","101",129,2003,11,"18",30,53.498,-4.221,"35E5",40,"V",1,2,"R",6,3699,44,22,4,-9,-9,-9,-9,NA,NA,NA,NA,NA,NA,NA,NA,"IE-IGFS 2003 4 IE 45CE GOV 101 129","P",1,NA,41,1,41,1,207,207,".",85,5,NA,NA,126425
"IE-IGFS",4,"IE","45CE","GOV",55,"S","101",129,2003,11,"18",30,53.498,-4.221,"35E5",40,"V",1,2,"R",6,3699,44,22,4,-9,-9,-9,-9,NA,NA,NA,NA,NA,NA,NA,NA,"IE-IGFS 2003 4 IE 45CE GOV 101 129","P",1,NA,41,1,41,1,207,207,".",95,4,NA,NA,126425
"IE-IGFS",4,"IE","45CE","GOV",55,"S","101",129,2003,11,"18",30,53.498,-4.221,"35E5",40,"V",1,2,"R",6,3699,44,22,4,-9,-9,-9,-9,NA,NA,NA,NA,NA,NA,NA,NA,"IE-IGFS 2003 4 IE 45CE GOV 101 129","P",1,NA,41,1,41,1,207,207,".",105,2,NA,NA,126425
"IE-IGFS",4,"IE","45CE","GOV",55,"S","101",129,2003,11,"18",30,53.498,-4.221,"35E5",40,"V",1,2,"R",6,3699,44,22,4,-9,-9,-9,-9,NA,NA,NA,NA,NA,NA,NA,NA,"IE-IGFS 2003 4 IE 45CE GOV 101 129","P",1,NA,41,1,41,1,207,207,".",115,2,NA,NA,126425
"IE-IGFS",4,"IE","45CE","GOV",55,"S","101",129,2003,11,"18",30,53.498,-4.221,"35E5",40,"V",1,2,"R",6,3699,44,22,4,-9,-9,-9,-9,NA,NA,NA,NA,NA,NA,NA,NA,"IE-IGFS 2003 4 IE 45CE GOV 101 129","P",1,NA,41,1,41,1,207,207,".",130,1,NA,NA,126425
"IE-IGFS",4,"IE","45CE","GOV",55,"S","101",129,2003,11,"18",30,53.498,-4.221,"35E5",40,"V",1,2,"R",6,3699,44,22,4,-9,-9,-9,-9,NA,NA,NA,NA,NA,NA,NA,NA,"IE-IGFS 2003 4 IE 45CE GOV 101 129","P",1,NA,41,1,41,1,207,207,".",135,2,NA,NA,126425
"IE-IGFS",4,"IE","45CE","GOV",55,"S","101",129,2003,11,"18",30,53.498,-4.221,"35E5",40,"V",1,2,"R",6,3699,44,22,4,-9,-9,-9,-9,NA,NA,NA,NA,NA,NA,NA,NA,"IE-IGFS 2003 4 IE 45CE GOV 101 129","P",1,NA,2,1,2,1,1320,1320,".",420,1,NA,NA,126484
"IE-IGFS",4,"IE","45CE","GOV",55,"S","101",129,2003,11,"18",30,53.498,-4.221,"35E5",40,"V",1,2,"R",6,3699,44,22,4,-9,-9,-9,-9,NA,NA,NA,NA,NA,NA,NA,NA,"IE-IGFS 2003 4 IE 45CE GOV 101 129","P",1,NA,2,1,2,1,1320,1320,".",450,1,NA,NA,126484
"IE-IGFS",4,"IE","45CE","GOV",55,"S","101",129,2003,11,"18",30,53.498,-4.221,"35E5",40,"V",1,2,"R",6,3699,44,22,4,-9,-9,-9,-9,NA,NA,NA,NA,NA,NA,NA,NA,"IE-IGFS 2003 4 IE 45CE GOV 101 129","P",1,NA,6,1,6,1,1444,1444,".",230,2,NA,NA,127143
"IE-IGFS",4,"IE","45CE","GOV",55,"S","101",129,2003,11,"18",30,53.498,-4.221,"35E5",40,"V",1,2,"R",6,3699,44,22,4,-9,-9,-9,-9,NA,NA,NA,NA,NA,NA,NA,NA,"IE-IGFS 2003 4 IE 45CE GOV 101 129","P",1,NA,6,1,6,1,1444,1444,".",260,2,NA,NA,127143
"IE-IGFS",4,"IE","45CE","GOV",55,"S","101",129,2003,11,"18",30,53.498,-4.221,"35E5",40,"V",1,2,"R",6,3699,44,22,4,-9,-9,-9,-9,NA,NA,NA,NA,NA,NA,NA,NA,"IE-IGFS 2003 4 IE 45CE GOV 101 129","P",1,NA,6,1,6,1,1444,1444,".",280,1,NA,NA,127143
"IE-IGFS",4,"IE","45CE","GOV",55,"S","101",129,2003,11,"18",30,53.498,-4.221,"35E5",40,"V",1,2,"R",6,3699,44,22,4,-9,-9,-9,-9,NA,NA,NA,NA,NA,NA,NA,NA,"IE-IGFS 2003 4 IE 45CE GOV 101 129","P",1,NA,6,1,6,1,1444,1444,".",350,1,NA,NA,127143
"IE-IGFS",4,"IE","45CE","GOV",55,"S","101",129,2003,11,"18",30,53.498,-4.221,"35E5",40,"V",1,2,"R",6,3699,44,22,4,-9,-9,-9,-9,NA,NA,NA,NA,NA,NA,NA,NA,"IE-IGFS 2003 4 IE 45CE GOV 101 129","P",1,NA,23,1,23,1,131,131,".",40,4,NA,NA,127190
"IE-IGFS",4,"IE","45CE","GOV",55,"S","101",129,2003,11,"18",30,53.498,-4.221,"35E5",40,"V",1,2,"R",6,3699,44,22,4,-9,-9,-9,-9,NA,NA,NA,NA,NA,NA,NA,NA,"IE-IGFS 2003 4 IE 45CE GOV 101 129","P",1,NA,23,1,23,1,131,131,".",50,6,NA,NA,127190
"IE-IGFS",4,"IE","45CE","GOV",55,"S","101",129,2003,11,"18",30,53.498,-4.221,"35E5",40,"V",1,2,"R",6,3699,44,22,4,-9,-9,-9,-9,NA,NA,NA,NA,NA,NA,NA,NA,"IE-IGFS 2003 4 IE 45CE GOV 101 129","P",1,NA,23,1,23,1,131,131,".",80,1,NA,NA,127190
"IE-IGFS",4,"IE","45CE","GOV",55,"S","101",129,2003,11,"18",30,53.498,-4.221,"35E5",40,"V",1,2,"R",6,3699,44,22,4,-9,-9,-9,-9,NA,NA,NA,NA,NA,NA,NA,NA,"IE-IGFS 2003 4 IE 45CE GOV 101 129","P",1,NA,23,1,23,1,131,131,".",90,4,NA,NA,127190
"IE-IGFS",4,"IE","45CE","GOV",55,"S","101",129,2003,11,"18",30,53.498,-4.221,"35E5",40,"V",1,2,"R",6,3699,44,22,4,-9,-9,-9,-9,NA,NA,NA,NA,NA,NA,NA,NA,"IE-IGFS 2003 4 IE 45CE GOV 101 129","P",1,NA,23,1,23,1,131,131,".",100,5,NA,NA,127190
"IE-IGFS",4,"IE","45CE","GOV",55,"S","101",129,2003,11,"18",30,53.498,-4.221,"35E5",40,"V",1,2,"R",6,3699,44,22,4,-9,-9,-9,-9,NA,NA,NA,NA,NA,NA,NA,NA,"IE-IGFS 2003 4 IE 45CE GOV 101 129","P",1,NA,23,1,23,1,131,131,".",110,3,NA,NA,127190
"IE-IGFS",4,"IE","45CE","GOV",55,"S","101",129,2003,11,"18",30,53.498,-4.221,"35E5",40,"V",1,2,"R",6,3699,44,22,4,-9,-9,-9,-9,NA,NA,NA,NA,NA,NA,NA,NA,"IE-IGFS 2003 4 IE 45CE GOV 101 129","P",1,"M",2,1,2,1,128,128,".",100,1,NA,NA,416668
"IE-IGFS",4,"IE","45CE","GOV",55,"S","101",129,2003,11,"18",30,53.498,-4.221,"35E5",40,"V",1,2,"R",6,3699,44,22,4,-9,-9,-9,-9,NA,NA,NA,NA,NA,NA,NA,NA,"IE-IGFS 2003 4 IE 45CE GOV 101 129","P",1,"M",2,1,2,1,128,128,".",140,1,NA,NA,416668
"IE-IGFS",4,"IE","45CE","GOV",55,"S","101",129,2003,11,"18",30,53.498,-4.221,"35E5",40,"V",1,2,"R",6,3699,44,22,4,-9,-9,-9,-9,NA,NA,NA,NA,NA,NA,NA,NA,"IE-IGFS 2003 4 IE 45CE GOV 101 129","P",1,"F",3,1,3,1,1369,1369,".",110,1,NA,NA,416668
"IE-IGFS",4,"IE","45CE","GOV",55,"S","101",129,2003,11,"18",30,53.498,-4.221,"35E5",40,"V",1,2,"R",6,3699,44,22,4,-9,-9,-9,-9,NA,NA,NA,NA,NA,NA,NA,NA,"IE-IGFS 2003 4 IE 45CE GOV 101 129","P",1,"F",3,1,3,1,1369,1369,".",280,1,NA,NA,416668
"IE-IGFS",4,"IE","45CE","GOV",55,"S","101",129,2003,11,"18",30,53.498,-4.221,"35E5",40,"V",1,2,"R",6,3699,44,22,4,-9,-9,-9,-9,NA,NA,NA,NA,NA,NA,NA,NA,"IE-IGFS 2003 4 IE 45CE GOV 101 129","P",1,"F",3,1,3,1,1369,1369,".",300,1,NA,NA,416668
"IE-IGFS",4,"IE","45CE","GOV",55,"S","101",129,2003,11,"18",30,53.498,-4.221,"35E5",40,"V",1,2,"R",6,3699,44,22,4,-9,-9,-9,-9,NA,NA,NA,NA,NA,NA,NA,NA,"IE-IGFS 2003 4 IE 45CE GOV 101 129","P",1,NA,2,1,2,1,328,328,".",210,1,NA,NA,127139
"IE-IGFS",4,"IE","45CE","GOV",55,"S","101",129,2003,11,"18",30,53.498,-4.221,"35E5",40,"V",1,2,"R",6,3699,44,22,4,-9,-9,-9,-9,NA,NA,NA,NA,NA,NA,NA,NA,"IE-IGFS 2003 4 IE 45CE GOV 101 129","P",1,NA,2,1,2,1,328,328,".",280,1,NA,NA,127139
"IE-IGFS",4,"IE","45CE","GOV",55,"S","101",129,2003,11,"18",30,53.498,-4.221,"35E5",40,"V",1,2,"R",6,3699,44,22,4,-9,-9,-9,-9,NA,NA,NA,NA,NA,NA,NA,NA,"IE-IGFS 2003 4 IE 45CE GOV 101 129","P",1,NA,1,1,1,1,753,753,".",410,1,NA,NA,127160
"IE-IGFS",4,"IE","45CE","GOV",55,"S","101",129,2003,11,"18",30,53.498,-4.221,"35E5",40,"V",1,2,"R",6,3699,44,22,4,-9,-9,-9,-9,NA,NA,NA,NA,NA,NA,NA,NA,"IE-IGFS 2003 4 IE 45CE GOV 101 129","P",1,"M",124,1,124,1,81900,81900,".",430,2,NA,NA,105814
"IE-IGFS",4,"IE","45CE","GOV",55,"S","101",129,2003,11,"18",30,53.498,-4.221,"35E5",40,"V",1,2,"R",6,3699,44,22,4,-9,-9,-9,-9,NA,NA,NA,NA,NA,NA,NA,NA,"IE-IGFS 2003 4 IE 45CE GOV 101 129","P",1,"M",124,1,124,1,81900,81900,".",440,4,NA,NA,105814
"IE-IGFS",4,"IE","45CE","GOV",55,"S","101",129,2003,11,"18",30,53.498,-4.221,"35E5",40,"V",1,2,"R",6,3699,44,22,4,-9,-9,-9,-9,NA,NA,NA,NA,NA,NA,NA,NA,"IE-IGFS 2003 4 IE 45CE GOV 101 129","P",1,"M",124,1,124,1,81900,81900,".",450,3,NA,NA,105814
"IE-IGFS",4,"IE","45CE","GOV",55,"S","101",129,2003,11,"18",30,53.498,-4.221,"35E5",40,"V",1,2,"R",6,3699,44,22,4,-9,-9,-9,-9,NA,NA,NA,NA,NA,NA,NA,NA,"IE-IGFS 2003 4 IE 45CE GOV 101 129","P",1,"M",124,1,124,1,81900,81900,".",470,1,NA,NA,105814
"IE-IGFS",4,"IE","45CE","GOV",55,"S","101",129,2003,11,"18",30,53.498,-4.221,"35E5",40,"V",1,2,"R",6,3699,44,22,4,-9,-9,-9,-9,NA,NA,NA,NA,NA,NA,NA,NA,"IE-IGFS 2003 4 IE 45CE GOV 101 129","P",1,"M",124,1,124,1,81900,81900,".",480,6,NA,NA,105814
"IE-IGFS",4,"IE","45CE","GOV",55,"S","101",129,2003,11,"18",30,53.498,-4.221,"35E5",40,"V",1,2,"R",6,3699,44,22,4,-9,-9,-9,-9,NA,NA,NA,NA,NA,NA,NA,NA,"IE-IGFS 2003 4 IE 45CE GOV 101 129","P",1,"M",124,1,124,1,81900,81900,".",490,2,NA,NA,105814
"IE-IGFS",4,"IE","45CE","GOV",55,"S","101",129,2003,11,"18",30,53.498,-4.221,"35E5",40,"V",1,2,"R",6,3699,44,22,4,-9,-9,-9,-9,NA,NA,NA,NA,NA,NA,NA,NA,"IE-IGFS 2003 4 IE 45CE GOV 101 129","P",1,"M",124,1,124,1,81900,81900,".",620,12,NA,NA,105814
"IE-IGFS",4,"IE","45CE","GOV",55,"S","101",129,2003,11,"18",30,53.498,-4.221,"35E5",40,"V",1,2,"R",6,3699,44,22,4,-9,-9,-9,-9,NA,NA,NA,NA,NA,NA,NA,NA,"IE-IGFS 2003 4 IE 45CE GOV 101 129","P",1,"M",124,1,124,1,81900,81900,".",630,5,NA,NA,105814
"IE-IGFS",4,"IE","45CE","GOV",55,"S","101",129,2003,11,"18",30,53.498,-4.221,"35E5",40,"V",1,2,"R",6,3699,44,22,4,-9,-9,-9,-9,NA,NA,NA,NA,NA,NA,NA,NA,"IE-IGFS 2003 4 IE 45CE GOV 101 129","P",1,"M",124,1,124,1,81900,81900,".",640,8,NA,NA,105814
"IE-IGFS",4,"IE","45CE","GOV",55,"S","101",129,2003,11,"18",30,53.498,-4.221,"35E5",40,"V",1,2,"R",6,3699,44,22,4,-9,-9,-9,-9,NA,NA,NA,NA,NA,NA,NA,NA,"IE-IGFS 2003 4 IE 45CE GOV 101 129","P",1,"M",124,1,124,1,81900,81900,".",650,5,NA,NA,105814
"IE-IGFS",4,"IE","45CE","GOV",55,"S","101",129,2003,11,"18",30,53.498,-4.221,"35E5",40,"V",1,2,"R",6,3699,44,22,4,-9,-9,-9,-9,NA,NA,NA,NA,NA,NA,NA,NA,"IE-IGFS 2003 4 IE 45CE GOV 101 129","P",1,"M",124,1,124,1,81900,81900,".",660,1,NA,NA,105814
"IE-IGFS",4,"IE","45CE","GOV",55,"S","101",129,2003,11,"18",30,53.498,-4.221,"35E5",40,"V",1,2,"R",6,3699,44,22,4,-9,-9,-9,-9,NA,NA,NA,NA,NA,NA,NA,NA,"IE-IGFS 2003 4 IE 45CE GOV 101 129","P",1,"M",124,1,124,1,81900,81900,".",690,1,NA,NA,105814
"IE-IGFS",4,"IE","45CE","GOV",55,"S","101",129,2003,11,"18",30,53.498,-4.221,"35E5",40,"V",1,2,"R",6,3699,44,22,4,-9,-9,-9,-9,NA,NA,NA,NA,NA,NA,NA,NA,"IE-IGFS 2003 4 IE 45CE GOV 101 129","P",1,"M",124,1,124,1,81900,81900,".",560,6,NA,NA,105814
"IE-IGFS",4,"IE","45CE","GOV",55,"S","101",129,2003,11,"18",30,53.498,-4.221,"35E5",40,"V",1,2,"R",6,3699,44,22,4,-9,-9,-9,-9,NA,NA,NA,NA,NA,NA,NA,NA,"IE-IGFS 2003 4 IE 45CE GOV 101 129","P",1,"M",124,1,124,1,81900,81900,".",570,9,NA,NA,105814
"IE-IGFS",4,"IE","45CE","GOV",55,"S","101",129,2003,11,"18",30,53.498,-4.221,"35E5",40,"V",1,2,"R",6,3699,44,22,4,-9,-9,-9,-9,NA,NA,NA,NA,NA,NA,NA,NA,"IE-IGFS 2003 4 IE 45CE GOV 101 129","P",1,"M",124,1,124,1,81900,81900,".",580,8,NA,NA,105814
"IE-IGFS",4,"IE","45CE","GOV",55,"S","101",129,2003,11,"18",30,53.498,-4.221,"35E5",40,"V",1,2,"R",6,3699,44,22,4,-9,-9,-9,-9,NA,NA,NA,NA,NA,NA,NA,NA,"IE-IGFS 2003 4 IE 45CE GOV 101 129","P",1,"M",124,1,124,1,81900,81900,".",590,10,NA,NA,105814
"IE-IGFS",4,"IE","45CE","GOV",55,"S","101",129,2003,11,"18",30,53.498,-4.221,"35E5",40,"V",1,2,"R",6,3699,44,22,4,-9,-9,-9,-9,NA,NA,NA,NA,NA,NA,NA,NA,"IE-IGFS 2003 4 IE 45CE GOV 101 129","P",1,"M",124,1,124,1,81900,81900,".",600,7,NA,NA,105814
"IE-IGFS",4,"IE","45CE","GOV",55,"S","101",129,2003,11,"18",30,53.498,-4.221,"35E5",40,"V",1,2,"R",6,3699,44,22,4,-9,-9,-9,-9,NA,NA,NA,NA,NA,NA,NA,NA,"IE-IGFS 2003 4 IE 45CE GOV 101 129","P",1,"M",124,1,124,1,81900,81900,".",610,5,NA,NA,105814
"IE-IGFS",4,"IE","45CE","GOV",55,"S","101",129,2003,11,"18",30,53.498,-4.221,"35E5",40,"V",1,2,"R",6,3699,44,22,4,-9,-9,-9,-9,NA,NA,NA,NA,NA,NA,NA,NA,"IE-IGFS 2003 4 IE 45CE GOV 101 129","P",1,"M",124,1,124,1,81900,81900,".",500,4,NA,NA,105814
"IE-IGFS",4,"IE","45CE","GOV",55,"S","101",129,2003,11,"18",30,53.498,-4.221,"35E5",40,"V",1,2,"R",6,3699,44,22,4,-9,-9,-9,-9,NA,NA,NA,NA,NA,NA,NA,NA,"IE-IGFS 2003 4 IE 45CE GOV 101 129","P",1,"M",124,1,124,1,81900,81900,".",510,4,NA,NA,105814
"IE-IGFS",4,"IE","45CE","GOV",55,"S","101",129,2003,11,"18",30,53.498,-4.221,"35E5",40,"V",1,2,"R",6,3699,44,22,4,-9,-9,-9,-9,NA,NA,NA,NA,NA,NA,NA,NA,"IE-IGFS 2003 4 IE 45CE GOV 101 129","P",1,"M",124,1,124,1,81900,81900,".",520,4,NA,NA,105814
"IE-IGFS",4,"IE","45CE","GOV",55,"S","101",129,2003,11,"18",30,53.498,-4.221,"35E5",40,"V",1,2,"R",6,3699,44,22,4,-9,-9,-9,-9,NA,NA,NA,NA,NA,NA,NA,NA,"IE-IGFS 2003 4 IE 45CE GOV 101 129","P",1,"M",124,1,124,1,81900,81900,".",530,4,NA,NA,105814
"IE-IGFS",4,"IE","45CE","GOV",55,"S","101",129,2003,11,"18",30,53.498,-4.221,"35E5",40,"V",1,2,"R",6,3699,44,22,4,-9,-9,-9,-9,NA,NA,NA,NA,NA,NA,NA,NA,"IE-IGFS 2003 4 IE 45CE GOV 101 129","P",1,"M",124,1,124,1,81900,81900,".",540,7,NA,NA,105814
"IE-IGFS",4,"IE","45CE","GOV",55,"S","101",129,2003,11,"18",30,53.498,-4.221,"35E5",40,"V",1,2,"R",6,3699,44,22,4,-9,-9,-9,-9,NA,NA,NA,NA,NA,NA,NA,NA,"IE-IGFS 2003 4 IE 45CE GOV 101 129","P",1,"M",124,1,124,1,81900,81900,".",550,6,NA,NA,105814
"IE-IGFS",4,"IE","45CE","GOV",55,"S","101",129,2003,11,"18",30,53.498,-4.221,"35E5",40,"V",1,2,"R",6,3699,44,22,4,-9,-9,-9,-9,NA,NA,NA,NA,NA,NA,NA,NA,"IE-IGFS 2003 4 IE 45CE GOV 101 129","P",1,"F",54,1,54,1,27550,27550,".",420,2,NA,NA,105814
"IE-IGFS",4,"IE","45CE","GOV",55,"S","101",129,2003,11,"18",30,53.498,-4.221,"35E5",40,"V",1,2,"R",6,3699,44,22,4,-9,-9,-9,-9,NA,NA,NA,NA,NA,NA,NA,NA,"IE-IGFS 2003 4 IE 45CE GOV 101 129","P",1,"F",54,1,54,1,27550,27550,".",440,2,NA,NA,105814
"IE-IGFS",4,"IE","45CE","GOV",55,"S","101",129,2003,11,"18",30,53.498,-4.221,"35E5",40,"V",1,2,"R",6,3699,44,22,4,-9,-9,-9,-9,NA,NA,NA,NA,NA,NA,NA,NA,"IE-IGFS 2003 4 IE 45CE GOV 101 129","P",1,"F",54,1,54,1,27550,27550,".",450,4,NA,NA,105814
"IE-IGFS",4,"IE","45CE","GOV",55,"S","101",129,2003,11,"18",30,53.498,-4.221,"35E5",40,"V",1,2,"R",6,3699,44,22,4,-9,-9,-9,-9,NA,NA,NA,NA,NA,NA,NA,NA,"IE-IGFS 2003 4 IE 45CE GOV 101 129","P",1,"F",54,1,54,1,27550,27550,".",460,2,NA,NA,105814
"IE-IGFS",4,"IE","45CE","GOV",55,"S","101",129,2003,11,"18",30,53.498,-4.221,"35E5",40,"V",1,2,"R",6,3699,44,22,4,-9,-9,-9,-9,NA,NA,NA,NA,NA,NA,NA,NA,"IE-IGFS 2003 4 IE 45CE GOV 101 129","P",1,"F",54,1,54,1,27550,27550,".",470,7,NA,NA,105814
"IE-IGFS",4,"IE","45CE","GOV",55,"S","101",129,2003,11,"18",30,53.498,-4.221,"35E5",40,"V",1,2,"R",6,3699,44,22,4,-9,-9,-9,-9,NA,NA,NA,NA,NA,NA,NA,NA,"IE-IGFS 2003 4 IE 45CE GOV 101 129","P",1,"F",54,1,54,1,27550,27550,".",480,3,NA,NA,105814
"IE-IGFS",4,"IE","45CE","GOV",55,"S","101",129,2003,11,"18",30,53.498,-4.221,"35E5",40,"V",1,2,"R",6,3699,44,22,4,-9,-9,-9,-9,NA,NA,NA,NA,NA,NA,NA,NA,"IE-IGFS 2003 4 IE 45CE GOV 101 129","P",1,"F",54,1,54,1,27550,27550,".",560,1,NA,NA,105814
"IE-IGFS",4,"IE","45CE","GOV",55,"S","101",129,2003,11,"18",30,53.498,-4.221,"35E5",40,"V",1,2,"R",6,3699,44,22,4,-9,-9,-9,-9,NA,NA,NA,NA,NA,NA,NA,NA,"IE-IGFS 2003 4 IE 45CE GOV 101 129","P",1,"F",54,1,54,1,27550,27550,".",570,3,NA,NA,105814
"IE-IGFS",4,"IE","45CE","GOV",55,"S","101",129,2003,11,"18",30,53.498,-4.221,"35E5",40,"V",1,2,"R",6,3699,44,22,4,-9,-9,-9,-9,NA,NA,NA,NA,NA,NA,NA,NA,"IE-IGFS 2003 4 IE 45CE GOV 101 129","P",1,"F",54,1,54,1,27550,27550,".",590,2,NA,NA,105814
"IE-IGFS",4,"IE","45CE","GOV",55,"S","101",129,2003,11,"18",30,53.498,-4.221,"35E5",40,"V",1,2,"R",6,3699,44,22,4,-9,-9,-9,-9,NA,NA,NA,NA,NA,NA,NA,NA,"IE-IGFS 2003 4 IE 45CE GOV 101 129","P",1,"F",54,1,54,1,27550,27550,".",600,1,NA,NA,105814
"IE-IGFS",4,"IE","45CE","GOV",55,"S","101",129,2003,11,"18",30,53.498,-4.221,"35E5",40,"V",1,2,"R",6,3699,44,22,4,-9,-9,-9,-9,NA,NA,NA,NA,NA,NA,NA,NA,"IE-IGFS 2003 4 IE 45CE GOV 101 129","P",1,"F",54,1,54,1,27550,27550,".",620,1,NA,NA,105814
"IE-IGFS",4,"IE","45CE","GOV",55,"S","101",129,2003,11,"18",30,53.498,-4.221,"35E5",40,"V",1,2,"R",6,3699,44,22,4,-9,-9,-9,-9,NA,NA,NA,NA,NA,NA,NA,NA,"IE-IGFS 2003 4 IE 45CE GOV 101 129","P",1,"F",54,1,54,1,27550,27550,".",490,4,NA,NA,105814
"IE-IGFS",4,"IE","45CE","GOV",55,"S","101",129,2003,11,"18",30,53.498,-4.221,"35E5",40,"V",1,2,"R",6,3699,44,22,4,-9,-9,-9,-9,NA,NA,NA,NA,NA,NA,NA,NA,"IE-IGFS 2003 4 IE 45CE GOV 101 129","P",1,"F",54,1,54,1,27550,27550,".",500,5,NA,NA,105814
"IE-IGFS",4,"IE","45CE","GOV",55,"S","101",129,2003,11,"18",30,53.498,-4.221,"35E5",40,"V",1,2,"R",6,3699,44,22,4,-9,-9,-9,-9,NA,NA,NA,NA,NA,NA,NA,NA,"IE-IGFS 2003 4 IE 45CE GOV 101 129","P",1,"F",54,1,54,1,27550,27550,".",510,5,NA,NA,105814
"IE-IGFS",4,"IE","45CE","GOV",55,"S","101",129,2003,11,"18",30,53.498,-4.221,"35E5",40,"V",1,2,"R",6,3699,44,22,4,-9,-9,-9,-9,NA,NA,NA,NA,NA,NA,NA,NA,"IE-IGFS 2003 4 IE 45CE GOV 101 129","P",1,"F",54,1,54,1,27550,27550,".",520,8,NA,NA,105814
"IE-IGFS",4,"IE","45CE","GOV",55,"S","101",129,2003,11,"18",30,53.498,-4.221,"35E5",40,"V",1,2,"R",6,3699,44,22,4,-9,-9,-9,-9,NA,NA,NA,NA,NA,NA,NA,NA,"IE-IGFS 2003 4 IE 45CE GOV 101 129","P",1,"F",54,1,54,1,27550,27550,".",530,2,NA,NA,105814
"IE-IGFS",4,"IE","45CE","GOV",55,"S","101",129,2003,11,"18",30,53.498,-4.221,"35E5",40,"V",1,2,"R",6,3699,44,22,4,-9,-9,-9,-9,NA,NA,NA,NA,NA,NA,NA,NA,"IE-IGFS 2003 4 IE 45CE GOV 101 129","P",1,"F",54,1,54,1,27550,27550,".",550,2,NA,NA,105814
"IE-IGFS",4,"IE","45CE","GOV",55,"S","101",129,2003,11,"18",30,53.498,-4.221,"35E5",40,"V",1,2,"R",6,3699,44,22,4,-9,-9,-9,-9,NA,NA,NA,NA,NA,NA,NA,NA,"IE-IGFS 2003 4 IE 45CE GOV 101 129","P",1,NA,12,1,12,1,431,431,".",120,1,NA,NA,150637
"IE-IGFS",4,"IE","45CE","GOV",55,"S","101",129,2003,11,"18",30,53.498,-4.221,"35E5",40,"V",1,2,"R",6,3699,44,22,4,-9,-9,-9,-9,NA,NA,NA,NA,NA,NA,NA,NA,"IE-IGFS 2003 4 IE 45CE GOV 101 129","P",1,NA,12,1,12,1,431,431,".",130,2,NA,NA,150637
"IE-IGFS",4,"IE","45CE","GOV",55,"S","101",129,2003,11,"18",30,53.498,-4.221,"35E5",40,"V",1,2,"R",6,3699,44,22,4,-9,-9,-9,-9,NA,NA,NA,NA,NA,NA,NA,NA,"IE-IGFS 2003 4 IE 45CE GOV 101 129","P",1,NA,12,1,12,1,431,431,".",140,1,NA,NA,150637
"IE-IGFS",4,"IE","45CE","GOV",55,"S","101",129,2003,11,"18",30,53.498,-4.221,"35E5",40,"V",1,2,"R",6,3699,44,22,4,-9,-9,-9,-9,NA,NA,NA,NA,NA,NA,NA,NA,"IE-IGFS 2003 4 IE 45CE GOV 101 129","P",1,NA,12,1,12,1,431,431,".",160,1,NA,NA,150637
"IE-IGFS",4,"IE","45CE","GOV",55,"S","101",129,2003,11,"18",30,53.498,-4.221,"35E5",40,"V",1,2,"R",6,3699,44,22,4,-9,-9,-9,-9,NA,NA,NA,NA,NA,NA,NA,NA,"IE-IGFS 2003 4 IE 45CE GOV 101 129","P",1,NA,12,1,12,1,431,431,".",170,2,NA,NA,150637
"IE-IGFS",4,"IE","45CE","GOV",55,"S","101",129,2003,11,"18",30,53.498,-4.221,"35E5",40,"V",1,2,"R",6,3699,44,22,4,-9,-9,-9,-9,NA,NA,NA,NA,NA,NA,NA,NA,"IE-IGFS 2003 4 IE 45CE GOV 101 129","P",1,NA,12,1,12,1,431,431,".",180,3,NA,NA,150637
"IE-IGFS",4,"IE","45CE","GOV",55,"S","101",129,2003,11,"18",30,53.498,-4.221,"35E5",40,"V",1,2,"R",6,3699,44,22,4,-9,-9,-9,-9,NA,NA,NA,NA,NA,NA,NA,NA,"IE-IGFS 2003 4 IE 45CE GOV 101 129","P",1,NA,12,1,12,1,431,431,".",190,2,NA,NA,150637
"IE-IGFS",4,"IE","45CE","GOV",55,"S","101",129,2003,11,"18",30,53.498,-4.221,"35E5",40,"V",1,2,"R",6,3699,44,22,4,-9,-9,-9,-9,NA,NA,NA,NA,NA,NA,NA,NA,"IE-IGFS 2003 4 IE 45CE GOV 101 129","P",1,"F",6,1,6,1,1098,1098,".",130,1,NA,NA,127140
"IE-IGFS",4,"IE","45CE","GOV",55,"S","101",129,2003,11,"18",30,53.498,-4.221,"35E5",40,"V",1,2,"R",6,3699,44,22,4,-9,-9,-9,-9,NA,NA,NA,NA,NA,NA,NA,NA,"IE-IGFS 2003 4 IE 45CE GOV 101 129","P",1,"F",6,1,6,1,1098,1098,".",190,1,NA,NA,127140
"IE-IGFS",4,"IE","45CE","GOV",55,"S","101",129,2003,11,"18",30,53.498,-4.221,"35E5",40,"V",1,2,"R",6,3699,44,22,4,-9,-9,-9,-9,NA,NA,NA,NA,NA,NA,NA,NA,"IE-IGFS 2003 4 IE 45CE GOV 101 129","P",1,"F",6,1,6,1,1098,1098,".",200,1,NA,NA,127140
"IE-IGFS",4,"IE","45CE","GOV",55,"S","101",129,2003,11,"18",30,53.498,-4.221,"35E5",40,"V",1,2,"R",6,3699,44,22,4,-9,-9,-9,-9,NA,NA,NA,NA,NA,NA,NA,NA,"IE-IGFS 2003 4 IE 45CE GOV 101 129","P",1,"F",6,1,6,1,1098,1098,".",270,1,NA,NA,127140
"IE-IGFS",4,"IE","45CE","GOV",55,"S","101",129,2003,11,"18",30,53.498,-4.221,"35E5",40,"V",1,2,"R",6,3699,44,22,4,-9,-9,-9,-9,NA,NA,NA,NA,NA,NA,NA,NA,"IE-IGFS 2003 4 IE 45CE GOV 101 129","P",1,"F",6,1,6,1,1098,1098,".",280,2,NA,NA,127140
"IE-IGFS",4,"IE","45CE","GOV",55,"S","101",129,2003,11,"18",30,53.498,-4.221,"35E5",40,"V",1,2,"R",6,3699,44,22,4,-9,-9,-9,-9,NA,NA,NA,NA,NA,NA,NA,NA,"IE-IGFS 2003 4 IE 45CE GOV 101 129","P",1,NA,5,1,5,1,386,386,".",180,1,NA,NA,126792
"IE-IGFS",4,"IE","45CE","GOV",55,"S","101",129,2003,11,"18",30,53.498,-4.221,"35E5",40,"V",1,2,"R",6,3699,44,22,4,-9,-9,-9,-9,NA,NA,NA,NA,NA,NA,NA,NA,"IE-IGFS 2003 4 IE 45CE GOV 101 129","P",1,NA,5,1,5,1,386,386,".",190,1,NA,NA,126792
"IE-IGFS",4,"IE","45CE","GOV",55,"S","101",129,2003,11,"18",30,53.498,-4.221,"35E5",40,"V",1,2,"R",6,3699,44,22,4,-9,-9,-9,-9,NA,NA,NA,NA,NA,NA,NA,NA,"IE-IGFS 2003 4 IE 45CE GOV 101 129","P",1,NA,5,1,5,1,386,386,".",210,2,NA,NA,126792
"IE-IGFS",4,"IE","45CE","GOV",55,"S","101",129,2003,11,"18",30,53.498,-4.221,"35E5",40,"V",1,2,"R",6,3699,44,22,4,-9,-9,-9,-9,NA,NA,NA,NA,NA,NA,NA,NA,"IE-IGFS 2003 4 IE 45CE GOV 101 129","P",1,NA,5,1,5,1,386,386,".",250,1,NA,NA,126792
"IE-IGFS",4,"IE","45CE","GOV",55,"S","101",129,2003,11,"18",30,53.498,-4.221,"35E5",40,"V",1,2,"R",6,3699,44,22,4,-9,-9,-9,-9,NA,NA,NA,NA,NA,NA,NA,NA,"IE-IGFS 2003 4 IE 45CE GOV 101 129","P",1,NA,275.69,1,74,3.7256,911,3394,".",80,5,NA,NA,126446
"IE-IGFS",4,"IE","45CE","GOV",55,"S","101",129,2003,11,"18",30,53.498,-4.221,"35E5",40,"V",1,2,"R",6,3699,44,22,4,-9,-9,-9,-9,NA,NA,NA,NA,NA,NA,NA,NA,"IE-IGFS 2003 4 IE 45CE GOV 101 129","P",1,NA,275.69,1,74,3.7256,911,3394,".",90,9,NA,NA,126446
"IE-IGFS",4,"IE","45CE","GOV",55,"S","101",129,2003,11,"18",30,53.498,-4.221,"35E5",40,"V",1,2,"R",6,3699,44,22,4,-9,-9,-9,-9,NA,NA,NA,NA,NA,NA,NA,NA,"IE-IGFS 2003 4 IE 45CE GOV 101 129","P",1,NA,275.69,1,74,3.7256,911,3394,".",100,22,NA,NA,126446
"IE-IGFS",4,"IE","45CE","GOV",55,"S","101",129,2003,11,"18",30,53.498,-4.221,"35E5",40,"V",1,2,"R",6,3699,44,22,4,-9,-9,-9,-9,NA,NA,NA,NA,NA,NA,NA,NA,"IE-IGFS 2003 4 IE 45CE GOV 101 129","P",1,NA,275.69,1,74,3.7256,911,3394,".",110,21,NA,NA,126446
"IE-IGFS",4,"IE","45CE","GOV",55,"S","101",129,2003,11,"18",30,53.498,-4.221,"35E5",40,"V",1,2,"R",6,3699,44,22,4,-9,-9,-9,-9,NA,NA,NA,NA,NA,NA,NA,NA,"IE-IGFS 2003 4 IE 45CE GOV 101 129","P",1,NA,275.69,1,74,3.7256,911,3394,".",120,15,NA,NA,126446
"IE-IGFS",4,"IE","45CE","GOV",55,"S","101",129,2003,11,"18",30,53.498,-4.221,"35E5",40,"V",1,2,"R",6,3699,44,22,4,-9,-9,-9,-9,NA,NA,NA,NA,NA,NA,NA,NA,"IE-IGFS 2003 4 IE 45CE GOV 101 129","P",1,NA,275.69,1,74,3.7256,911,3394,".",130,2,NA,NA,126446
"IE-IGFS",4,"IE","45CE","GOV",55,"S","101",129,2003,11,"18",30,53.498,-4.221,"35E5",40,"V",1,2,"R",6,3699,44,22,4,-9,-9,-9,-9,NA,NA,NA,NA,NA,NA,NA,NA,"IE-IGFS 2003 4 IE 45CE GOV 101 129","P",1,NA,109.03,2,65,1.6773,4382,7350,".",80,1,NA,NA,126446
"IE-IGFS",4,"IE","45CE","GOV",55,"S","101",129,2003,11,"18",30,53.498,-4.221,"35E5",40,"V",1,2,"R",6,3699,44,22,4,-9,-9,-9,-9,NA,NA,NA,NA,NA,NA,NA,NA,"IE-IGFS 2003 4 IE 45CE GOV 101 129","P",1,NA,109.03,2,65,1.6773,4382,7350,".",130,1,NA,NA,126446
"IE-IGFS",4,"IE","45CE","GOV",55,"S","101",129,2003,11,"18",30,53.498,-4.221,"35E5",40,"V",1,2,"R",6,3699,44,22,4,-9,-9,-9,-9,NA,NA,NA,NA,NA,NA,NA,NA,"IE-IGFS 2003 4 IE 45CE GOV 101 129","P",1,NA,109.03,2,65,1.6773,4382,7350,".",140,1,NA,NA,126446
"IE-IGFS",4,"IE","45CE","GOV",55,"S","101",129,2003,11,"18",30,53.498,-4.221,"35E5",40,"V",1,2,"R",6,3699,44,22,4,-9,-9,-9,-9,NA,NA,NA,NA,NA,NA,NA,NA,"IE-IGFS 2003 4 IE 45CE GOV 101 129","P",1,NA,109.03,2,65,1.6773,4382,7350,".",150,4,NA,NA,126446
"IE-IGFS",4,"IE","45CE","GOV",55,"S","101",129,2003,11,"18",30,53.498,-4.221,"35E5",40,"V",1,2,"R",6,3699,44,22,4,-9,-9,-9,-9,NA,NA,NA,NA,NA,NA,NA,NA,"IE-IGFS 2003 4 IE 45CE GOV 101 129","P",1,NA,109.03,2,65,1.6773,4382,7350,".",160,9,NA,NA,126446
"IE-IGFS",4,"IE","45CE","GOV",55,"S","101",129,2003,11,"18",30,53.498,-4.221,"35E5",40,"V",1,2,"R",6,3699,44,22,4,-9,-9,-9,-9,NA,NA,NA,NA,NA,NA,NA,NA,"IE-IGFS 2003 4 IE 45CE GOV 101 129","P",1,NA,109.03,2,65,1.6773,4382,7350,".",170,9,NA,NA,126446
"IE-IGFS",4,"IE","45CE","GOV",55,"S","101",129,2003,11,"18",30,53.498,-4.221,"35E5",40,"V",1,2,"R",6,3699,44,22,4,-9,-9,-9,-9,NA,NA,NA,NA,NA,NA,NA,NA,"IE-IGFS 2003 4 IE 45CE GOV 101 129","P",1,NA,109.03,2,65,1.6773,4382,7350,".",180,8,NA,NA,126446
"IE-IGFS",4,"IE","45CE","GOV",55,"S","101",129,2003,11,"18",30,53.498,-4.221,"35E5",40,"V",1,2,"R",6,3699,44,22,4,-9,-9,-9,-9,NA,NA,NA,NA,NA,NA,NA,NA,"IE-IGFS 2003 4 IE 45CE GOV 101 129","P",1,NA,109.03,2,65,1.6773,4382,7350,".",190,13,NA,NA,126446
"IE-IGFS",4,"IE","45CE","GOV",55,"S","101",129,2003,11,"18",30,53.498,-4.221,"35E5",40,"V",1,2,"R",6,3699,44,22,4,-9,-9,-9,-9,NA,NA,NA,NA,NA,NA,NA,NA,"IE-IGFS 2003 4 IE 45CE GOV 101 129","P",1,NA,109.03,2,65,1.6773,4382,7350,".",200,12,NA,NA,126446
"IE-IGFS",4,"IE","45CE","GOV",55,"S","101",129,2003,11,"18",30,53.498,-4.221,"35E5",40,"V",1,2,"R",6,3699,44,22,4,-9,-9,-9,-9,NA,NA,NA,NA,NA,NA,NA,NA,"IE-IGFS 2003 4 IE 45CE GOV 101 129","P",1,NA,109.03,2,65,1.6773,4382,7350,".",210,5,NA,NA,126446
"IE-IGFS",4,"IE","45CE","GOV",55,"S","101",129,2003,11,"18",30,53.498,-4.221,"35E5",40,"V",1,2,"R",6,3699,44,22,4,-9,-9,-9,-9,NA,NA,NA,NA,NA,NA,NA,NA,"IE-IGFS 2003 4 IE 45CE GOV 101 129","P",1,NA,109.03,2,65,1.6773,4382,7350,".",230,2,NA,NA,126446
"IE-IGFS",4,"IE","45CE","GOV",55,"S","101",129,2003,11,"18",30,53.498,-4.221,"35E5",40,"V",1,2,"R",6,3699,44,22,4,-9,-9,-9,-9,NA,NA,NA,NA,NA,NA,NA,NA,"IE-IGFS 2003 4 IE 45CE GOV 101 129","P",1,"M",2,1,2,1,1710,1710,".",360,1,NA,NA,105883
"IE-IGFS",4,"IE","45CE","GOV",55,"S","101",129,2003,11,"18",30,53.498,-4.221,"35E5",40,"V",1,2,"R",6,3699,44,22,4,-9,-9,-9,-9,NA,NA,NA,NA,NA,NA,NA,NA,"IE-IGFS 2003 4 IE 45CE GOV 101 129","P",1,"M",2,1,2,1,1710,1710,".",610,1,NA,NA,105883
"IE-IGFS",4,"IE","45CE","GOV",55,"S","101",129,2003,11,"18",30,53.498,-4.221,"35E5",40,"V",1,2,"R",6,3699,44,22,4,-9,-9,-9,-9,NA,NA,NA,NA,NA,NA,NA,NA,"IE-IGFS 2003 4 IE 45CE GOV 101 129","P",1,"F",2,1,2,1,1250,1250,".",410,1,NA,NA,105883
"IE-IGFS",4,"IE","45CE","GOV",55,"S","101",129,2003,11,"18",30,53.498,-4.221,"35E5",40,"V",1,2,"R",6,3699,44,22,4,-9,-9,-9,-9,NA,NA,NA,NA,NA,NA,NA,NA,"IE-IGFS 2003 4 IE 45CE GOV 101 129","P",1,"F",2,1,2,1,1250,1250,".",460,1,NA,NA,105883
"IE-IGFS",4,"IE","45CE","GOV",55,"S","101",129,2003,11,"18",30,53.498,-4.221,"35E5",40,"V",1,2,"R",6,3699,44,22,4,-9,-9,-9,-9,NA,NA,NA,NA,NA,NA,NA,NA,"IE-IGFS 2003 4 IE 45CE GOV 101 129","P",1,NA,1,1,1,1,1470,1470,".",470,1,NA,NA,126555
"IE-IGFS",4,"IE","45CE","GOV",55,"S","101",129,2003,11,"18",30,53.498,-4.221,"35E5",40,"V",1,2,"R",6,3699,44,22,4,-9,-9,-9,-9,NA,NA,NA,NA,NA,NA,NA,NA,"IE-IGFS 2003 4 IE 45CE GOV 101 129","P",1,NA,1,1,1,1,6,6,".",40,1,NA,NA,127204
"IE-IGFS",4,"IE","45CE","GOV",55,"S","101",129,2003,11,"18",30,53.498,-4.221,"35E5",40,"V",1,2,"R",6,3699,44,22,4,-9,-9,-9,-9,NA,NA,NA,NA,NA,NA,NA,NA,"IE-IGFS 2003 4 IE 45CE GOV 101 129","P",1,"M",2,1,2,1,267,267,".",290,2,NA,NA,105887
"IE-IGFS",4,"IE","45CE","GOV",55,"S","101",129,2003,11,"18",30,53.498,-4.221,"35E5",40,"V",1,2,"R",6,3699,44,22,4,-9,-9,-9,-9,NA,NA,NA,NA,NA,NA,NA,NA,"IE-IGFS 2003 4 IE 45CE GOV 101 129","P",1,"F",1,1,1,1,179,179,".",330,1,NA,NA,105887
"IE-IGFS",4,"IE","45CE","GOV",55,"S","101",129,2003,11,"18",30,53.498,-4.221,"35E5",40,"V",1,2,"R",6,3699,44,22,4,-9,-9,-9,-9,NA,NA,NA,NA,NA,NA,NA,NA,"IE-IGFS 2003 4 IE 45CE GOV 101 129","P",1,NA,52,1,52,1,6410,6410,".",90,1,NA,NA,127259
"IE-IGFS",4,"IE","45CE","GOV",55,"S","101",129,2003,11,"18",30,53.498,-4.221,"35E5",40,"V",1,2,"R",6,3699,44,22,4,-9,-9,-9,-9,NA,NA,NA,NA,NA,NA,NA,NA,"IE-IGFS 2003 4 IE 45CE GOV 101 129","P",1,NA,52,1,52,1,6410,6410,".",100,4,NA,NA,127259
"IE-IGFS",4,"IE","45CE","GOV",55,"S","101",129,2003,11,"18",30,53.498,-4.221,"35E5",40,"V",1,2,"R",6,3699,44,22,4,-9,-9,-9,-9,NA,NA,NA,NA,NA,NA,NA,NA,"IE-IGFS 2003 4 IE 45CE GOV 101 129","P",1,NA,52,1,52,1,6410,6410,".",110,4,NA,NA,127259
"IE-IGFS",4,"IE","45CE","GOV",55,"S","101",129,2003,11,"18",30,53.498,-4.221,"35E5",40,"V",1,2,"R",6,3699,44,22,4,-9,-9,-9,-9,NA,NA,NA,NA,NA,NA,NA,NA,"IE-IGFS 2003 4 IE 45CE GOV 101 129","P",1,NA,52,1,52,1,6410,6410,".",120,2,NA,NA,127259
"IE-IGFS",4,"IE","45CE","GOV",55,"S","101",129,2003,11,"18",30,53.498,-4.221,"35E5",40,"V",1,2,"R",6,3699,44,22,4,-9,-9,-9,-9,NA,NA,NA,NA,NA,NA,NA,NA,"IE-IGFS 2003 4 IE 45CE GOV 101 129","P",1,NA,52,1,52,1,6410,6410,".",180,5,NA,NA,127259
"IE-IGFS",4,"IE","45CE","GOV",55,"S","101",129,2003,11,"18",30,53.498,-4.221,"35E5",40,"V",1,2,"R",6,3699,44,22,4,-9,-9,-9,-9,NA,NA,NA,NA,NA,NA,NA,NA,"IE-IGFS 2003 4 IE 45CE GOV 101 129","P",1,NA,52,1,52,1,6410,6410,".",190,1,NA,NA,127259
"IE-IGFS",4,"IE","45CE","GOV",55,"S","101",129,2003,11,"18",30,53.498,-4.221,"35E5",40,"V",1,2,"R",6,3699,44,22,4,-9,-9,-9,-9,NA,NA,NA,NA,NA,NA,NA,NA,"IE-IGFS 2003 4 IE 45CE GOV 101 129","P",1,NA,52,1,52,1,6410,6410,".",270,3,NA,NA,127259
"IE-IGFS",4,"IE","45CE","GOV",55,"S","101",129,2003,11,"18",30,53.498,-4.221,"35E5",40,"V",1,2,"R",6,3699,44,22,4,-9,-9,-9,-9,NA,NA,NA,NA,NA,NA,NA,NA,"IE-IGFS 2003 4 IE 45CE GOV 101 129","P",1,NA,52,1,52,1,6410,6410,".",280,2,NA,NA,127259
"IE-IGFS",4,"IE","45CE","GOV",55,"S","101",129,2003,11,"18",30,53.498,-4.221,"35E5",40,"V",1,2,"R",6,3699,44,22,4,-9,-9,-9,-9,NA,NA,NA,NA,NA,NA,NA,NA,"IE-IGFS 2003 4 IE 45CE GOV 101 129","P",1,NA,52,1,52,1,6410,6410,".",290,3,NA,NA,127259
"IE-IGFS",4,"IE","45CE","GOV",55,"S","101",129,2003,11,"18",30,53.498,-4.221,"35E5",40,"V",1,2,"R",6,3699,44,22,4,-9,-9,-9,-9,NA,NA,NA,NA,NA,NA,NA,NA,"IE-IGFS 2003 4 IE 45CE GOV 101 129","P",1,NA,52,1,52,1,6410,6410,".",300,2,NA,NA,127259
"IE-IGFS",4,"IE","45CE","GOV",55,"S","101",129,2003,11,"18",30,53.498,-4.221,"35E5",40,"V",1,2,"R",6,3699,44,22,4,-9,-9,-9,-9,NA,NA,NA,NA,NA,NA,NA,NA,"IE-IGFS 2003 4 IE 45CE GOV 101 129","P",1,NA,52,1,52,1,6410,6410,".",340,1,NA,NA,127259
"IE-IGFS",4,"IE","45CE","GOV",55,"S","101",129,2003,11,"18",30,53.498,-4.221,"35E5",40,"V",1,2,"R",6,3699,44,22,4,-9,-9,-9,-9,NA,NA,NA,NA,NA,NA,NA,NA,"IE-IGFS 2003 4 IE 45CE GOV 101 129","P",1,NA,52,1,52,1,6410,6410,".",200,5,NA,NA,127259
"IE-IGFS",4,"IE","45CE","GOV",55,"S","101",129,2003,11,"18",30,53.498,-4.221,"35E5",40,"V",1,2,"R",6,3699,44,22,4,-9,-9,-9,-9,NA,NA,NA,NA,NA,NA,NA,NA,"IE-IGFS 2003 4 IE 45CE GOV 101 129","P",1,NA,52,1,52,1,6410,6410,".",210,2,NA,NA,127259
"IE-IGFS",4,"IE","45CE","GOV",55,"S","101",129,2003,11,"18",30,53.498,-4.221,"35E5",40,"V",1,2,"R",6,3699,44,22,4,-9,-9,-9,-9,NA,NA,NA,NA,NA,NA,NA,NA,"IE-IGFS 2003 4 IE 45CE GOV 101 129","P",1,NA,52,1,52,1,6410,6410,".",220,2,NA,NA,127259
"IE-IGFS",4,"IE","45CE","GOV",55,"S","101",129,2003,11,"18",30,53.498,-4.221,"35E5",40,"V",1,2,"R",6,3699,44,22,4,-9,-9,-9,-9,NA,NA,NA,NA,NA,NA,NA,NA,"IE-IGFS 2003 4 IE 45CE GOV 101 129","P",1,NA,52,1,52,1,6410,6410,".",240,3,NA,NA,127259
"IE-IGFS",4,"IE","45CE","GOV",55,"S","101",129,2003,11,"18",30,53.498,-4.221,"35E5",40,"V",1,2,"R",6,3699,44,22,4,-9,-9,-9,-9,NA,NA,NA,NA,NA,NA,NA,NA,"IE-IGFS 2003 4 IE 45CE GOV 101 129","P",1,NA,52,1,52,1,6410,6410,".",250,1,NA,NA,127259
"IE-IGFS",4,"IE","45CE","GOV",55,"S","101",129,2003,11,"18",30,53.498,-4.221,"35E5",40,"V",1,2,"R",6,3699,44,22,4,-9,-9,-9,-9,NA,NA,NA,NA,NA,NA,NA,NA,"IE-IGFS 2003 4 IE 45CE GOV 101 129","P",1,NA,52,1,52,1,6410,6410,".",260,11,NA,NA,127259
"IE-IGFS",4,"IE","45CE","GOV",55,"S","101",129,2003,11,"18",30,53.498,-4.221,"35E5",40,"V",1,2,"R",6,3699,44,22,4,-9,-9,-9,-9,NA,NA,NA,NA,NA,NA,NA,NA,"IE-IGFS 2003 4 IE 45CE GOV 101 129","P",1,NA,14,1,14,1,3300,3300,".",230,1,NA,NA,126445
"IE-IGFS",4,"IE","45CE","GOV",55,"S","101",129,2003,11,"18",30,53.498,-4.221,"35E5",40,"V",1,2,"R",6,3699,44,22,4,-9,-9,-9,-9,NA,NA,NA,NA,NA,NA,NA,NA,"IE-IGFS 2003 4 IE 45CE GOV 101 129","P",1,NA,14,1,14,1,3300,3300,".",240,3,NA,NA,126445
"IE-IGFS",4,"IE","45CE","GOV",55,"S","101",129,2003,11,"18",30,53.498,-4.221,"35E5",40,"V",1,2,"R",6,3699,44,22,4,-9,-9,-9,-9,NA,NA,NA,NA,NA,NA,NA,NA,"IE-IGFS 2003 4 IE 45CE GOV 101 129","P",1,NA,14,1,14,1,3300,3300,".",250,6,NA,NA,126445
"IE-IGFS",4,"IE","45CE","GOV",55,"S","101",129,2003,11,"18",30,53.498,-4.221,"35E5",40,"V",1,2,"R",6,3699,44,22,4,-9,-9,-9,-9,NA,NA,NA,NA,NA,NA,NA,NA,"IE-IGFS 2003 4 IE 45CE GOV 101 129","P",1,NA,14,1,14,1,3300,3300,".",260,1,NA,NA,126445
"IE-IGFS",4,"IE","45CE","GOV",55,"S","101",129,2003,11,"18",30,53.498,-4.221,"35E5",40,"V",1,2,"R",6,3699,44,22,4,-9,-9,-9,-9,NA,NA,NA,NA,NA,NA,NA,NA,"IE-IGFS 2003 4 IE 45CE GOV 101 129","P",1,NA,14,1,14,1,3300,3300,".",270,2,NA,NA,126445
"IE-IGFS",4,"IE","45CE","GOV",55,"S","101",129,2003,11,"18",30,53.498,-4.221,"35E5",40,"V",1,2,"R",6,3699,44,22,4,-9,-9,-9,-9,NA,NA,NA,NA,NA,NA,NA,NA,"IE-IGFS 2003 4 IE 45CE GOV 101 129","P",1,NA,14,1,14,1,3300,3300,".",300,1,NA,NA,126445
"IE-IGFS",4,"IE","45CE","GOV",55,"S","101",129,2003,11,"18",30,53.498,-4.221,"35E5",40,"V",1,2,"R",6,3699,44,22,4,-9,-9,-9,-9,NA,NA,NA,NA,NA,NA,NA,NA,"IE-IGFS 2003 4 IE 45CE GOV 101 129","P",1,"M",1,1,1,1,1770,1770,".",780,1,NA,NA,105923
"IE-IGFS",4,"IE","45CE","GOV",55,"S","101",129,2003,11,"18",30,53.498,-4.221,"35E5",40,"V",1,2,"R",6,3699,44,22,4,-9,-9,-9,-9,NA,NA,NA,NA,NA,NA,NA,NA,"IE-IGFS 2003 4 IE 45CE GOV 101 129","P",1,"M",1,1,1,1,211,211,".",320,1,NA,NA,367297
"IE-IGFS",4,"IE","45CE","GOV",55,"S","101",129,2003,11,"18",30,53.498,-4.221,"35E5",40,"V",1,2,"R",6,3699,44,22,4,-9,-9,-9,-9,NA,NA,NA,NA,NA,NA,NA,NA,"IE-IGFS 2003 4 IE 45CE GOV 101 129","P",1,NA,3,1,3,1,175,175,".",300,1,NA,NA,126285
"IE-IGFS",4,"IE","45CE","GOV",55,"S","101",129,2003,11,"18",30,53.498,-4.221,"35E5",40,"V",1,2,"R",6,3699,44,22,4,-9,-9,-9,-9,NA,NA,NA,NA,NA,NA,NA,NA,"IE-IGFS 2003 4 IE 45CE GOV 101 129","P",1,NA,3,1,3,1,175,175,".",320,1,NA,NA,126285
"IE-IGFS",4,"IE","45CE","GOV",55,"S","101",129,2003,11,"18",30,53.498,-4.221,"35E5",40,"V",1,2,"R",6,3699,44,22,4,-9,-9,-9,-9,NA,NA,NA,NA,NA,NA,NA,NA,"IE-IGFS 2003 4 IE 45CE GOV 101 129","P",1,NA,3,1,3,1,175,175,".",360,1,NA,NA,126285
"IE-IGFS",4,"IE","45CE","GOV",55,"S","101",129,2003,11,"18",30,53.498,-4.221,"35E5",40,"V",1,2,"R",6,3699,44,22,4,-9,-9,-9,-9,NA,NA,NA,NA,NA,NA,NA,NA,"IE-IGFS 2003 4 IE 45CE GOV 101 129","P",1,NA,1,1,1,1,221,221,".",290,1,NA,NA,126458
"IE-IGFS",4,"IE","45CE","GOV",55,"S","101",129,2003,11,"18",30,53.498,-4.221,"35E5",40,"V",1,2,"R",6,3699,44,22,4,-9,-9,-9,-9,NA,NA,NA,NA,NA,NA,NA,NA,"IE-IGFS 2003 4 IE 45CE GOV 101 129","P",1,NA,2,1,2,1,1,1,".",30,1,NA,NA,125988
"IE-IGFS",4,"IE","45CE","GOV",55,"S","101",129,2003,11,"18",30,53.498,-4.221,"35E5",40,"V",1,2,"R",6,3699,44,22,4,-9,-9,-9,-9,NA,NA,NA,NA,NA,NA,NA,NA,"IE-IGFS 2003 4 IE 45CE GOV 101 129","P",1,NA,2,1,2,1,1,1,".",50,1,NA,NA,125988
"IE-IGFS",4,"IE","45CE","GOV",55,"S","101",129,2003,11,"18",30,53.498,-4.221,"35E5",40,"V",1,2,"R",6,3699,44,22,4,-9,-9,-9,-9,NA,NA,NA,NA,NA,NA,NA,NA,"IE-IGFS 2003 4 IE 45CE GOV 101 129","P",1,NA,39,1,39,1,95,95,".",40,10,NA,NA,127220
"IE-IGFS",4,"IE","45CE","GOV",55,"S","101",129,2003,11,"18",30,53.498,-4.221,"35E5",40,"V",1,2,"R",6,3699,44,22,4,-9,-9,-9,-9,NA,NA,NA,NA,NA,NA,NA,NA,"IE-IGFS 2003 4 IE 45CE GOV 101 129","P",1,NA,39,1,39,1,95,95,".",50,16,NA,NA,127220
"IE-IGFS",4,"IE","45CE","GOV",55,"S","101",129,2003,11,"18",30,53.498,-4.221,"35E5",40,"V",1,2,"R",6,3699,44,22,4,-9,-9,-9,-9,NA,NA,NA,NA,NA,NA,NA,NA,"IE-IGFS 2003 4 IE 45CE GOV 101 129","P",1,NA,39,1,39,1,95,95,".",60,10,NA,NA,127220
"IE-IGFS",4,"IE","45CE","GOV",55,"S","101",129,2003,11,"18",30,53.498,-4.221,"35E5",40,"V",1,2,"R",6,3699,44,22,4,-9,-9,-9,-9,NA,NA,NA,NA,NA,NA,NA,NA,"IE-IGFS 2003 4 IE 45CE GOV 101 129","P",1,NA,39,1,39,1,95,95,".",70,3,NA,NA,127220
"IE-IGFS",4,"IE","45CE","GOV",55,"S","101",129,2003,11,"18",30,53.498,-4.221,"35E5",40,"V",1,2,"R",6,3699,44,22,4,-9,-9,-9,-9,NA,NA,NA,NA,NA,NA,NA,NA,"IE-IGFS 2003 4 IE 45CE GOV 101 129","P",1,"M",2,1,2,1,5290,5290,".",710,1,NA,NA,105815
"IE-IGFS",4,"IE","45CE","GOV",55,"S","101",129,2003,11,"18",30,53.498,-4.221,"35E5",40,"V",1,2,"R",6,3699,44,22,4,-9,-9,-9,-9,NA,NA,NA,NA,NA,NA,NA,NA,"IE-IGFS 2003 4 IE 45CE GOV 101 129","P",1,"M",2,1,2,1,5290,5290,".",950,1,NA,NA,105815
"IE-IGFS",4,"IE","45CE","GOV",55,"S","101",129,2003,11,"18",30,53.498,-4.221,"35E5",40,"V",1,2,"R",6,3699,44,22,4,-9,-9,-9,-9,NA,NA,NA,NA,NA,NA,NA,NA,"IE-IGFS 2003 4 IE 45CE GOV 101 129","P",1,"F",2,1,2,1,2800,2800,".",590,1,NA,NA,105815
"IE-IGFS",4,"IE","45CE","GOV",55,"S","101",129,2003,11,"18",30,53.498,-4.221,"35E5",40,"V",1,2,"R",6,3699,44,22,4,-9,-9,-9,-9,NA,NA,NA,NA,NA,NA,NA,NA,"IE-IGFS 2003 4 IE 45CE GOV 101 129","P",1,"F",2,1,2,1,2800,2800,".",740,1,NA,NA,105815
"IE-IGFS",4,"IE","45CE","GOV",55,"S","101",129,2003,11,"18",30,53.498,-4.221,"35E5",40,"V",1,2,"R",6,3699,44,22,4,-9,-9,-9,-9,NA,NA,NA,NA,NA,NA,NA,NA,"IE-IGFS 2003 4 IE 45CE GOV 101 129","P",1,NA,1,1,1,1,161,161,".",260,1,NA,NA,127262
